{
  "loss": [
    0.23686335857695007,
    0.14797682205978402,
    0.12969538725761245,
    0.12760218387222633,
    0.11437616044546399,
    0.10798593842855064,
    0.11388698831254009,
    0.10650777670075247,
    0.10524515165650289,
    0.10371507792205081,
    0.10289944575892554,
    0.10126577410824694,
    0.09708057281649099,
    0.09502360049897766,
    0.09379320451222013,
    0.09264436942773338
  ],
  "accuracy": [
    0.7818399044205496,
    0.8848267622461171,
    0.8939068100358423,
    0.8970131421744325,
    0.9127837514934289,
    0.9161290322580645,
    0.9123058542413381,
    0.9170848267622461,
    0.9192353643966548,
    0.9221027479091995,
    0.9206690561529272,
    0.9194743130227001,
    0.9268817204301075,
    0.9311827956989247,
    0.9292712066905615,
    0.9311827956989247
  ],
  "val_loss": [
    0.14473675111701859,
    0.1148908162114158,
    0.09399656096781109,
    0.08904434813127818,
    0.10763723699246118,
    0.1089937219889025,
    0.07768427141530239,
    0.07575024699626816,
    0.07839011774890288,
    0.08040069247157434,
    0.06304197816432604,
    0.0681480082924324,
    0.06835641609122327,
    0.08425210256915835,
    0.07291165948867684,
    0.06743734765801411
  ],
  "val_accuracy": [
    0.8681948424068768,
    0.8939828080229226,
    0.9264565425023877,
    0.9235912129894938,
    0.8930276981852913,
    0.8872970391595033,
    0.9293218720152817,
    0.9293218720152817,
    0.9255014326647565,
    0.9188156638013372,
    0.9531996179560649,
    0.944603629417383,
    0.9570200573065902,
    0.9178605539637058,
    0.9321872015281757,
    0.9436485195797517
  ]
}