{
  "loss": [
    0.20063188939467697,
    0.12470338644733565,
    0.10574600582446106,
    0.09583428861348575,
    0.08902667570712318,
    0.08593782623662316,
    0.07888584929199059,
    0.0765425012281149,
    0.07799574048786892,
    0.07071419778405694,
    0.06381355240816426,
    0.05042817007923853,
    0.050907291199571346,
    0.043895704895614014,
    0.04568019857120521,
    0.040368518425572306,
    0.03382294713213523,
    0.03309135034317629,
    0.030918686467544438,
    0.03249746766430966,
    0.02885341437215268,
    0.02525778638606217,
    0.025460051999760074,
    0.02539352966103093,
    0.022898656921183053
  ],
  "accuracy": [
    0.8313022700119475,
    0.9013142174432497,
    0.9201911589008364,
    0.9273596176821983,
    0.9299880525686978,
    0.9328554360812426,
    0.9440860215053763,
    0.9436081242532856,
    0.9414575866188769,
    0.9443249701314217,
    0.9524492234169654,
    0.9581839904420549,
    0.9643966547192354,
    0.9658303464755078,
    0.9670250896057347,
    0.9684587813620071,
    0.9758661887694146,
    0.9775388291517324,
    0.9782556750298685,
    0.9763440860215054,
    0.9818399044205496,
    0.9837514934289128,
    0.9847072879330944,
    0.984468339307049,
    0.985663082437276
  ],
  "val_loss": [
    0.16665032840446847,
    0.13076404375384393,
    0.12452455040747024,
    0.11135978546303117,
    0.11749350577735172,
    0.11440405515027023,
    0.10370510307771315,
    0.11183720398000455,
    0.10548917016987587,
    0.09471193261964046,
    0.07975323896396126,
    0.07857971267691087,
    0.058467368770536626,
    0.07059026925816576,
    0.05970856529921151,
    0.0695325279325503,
    0.04875739871452223,
    0.04505957067083948,
    0.046535728020734066,
    0.04410526337352899,
    0.04073833955101377,
    0.04423378967193472,
    0.03523392818019563,
    0.032550468107769064,
    0.043372548335617
  ],
  "val_accuracy": [
    0.8166189111747851,
    0.8672397325692455,
    0.8710601719197708,
    0.8825214899713467,
    0.8710601719197708,
    0.8767908309455588,
    0.89207258834766,
    0.8872970391595033,
    0.89207258834766,
    0.9092645654250239,
    0.9178605539637058,
    0.9188156638013372,
    0.938872970391595,
    0.9226361031518625,
    0.938872970391595,
    0.9245463228271251,
    0.9531996179560649,
    0.9570200573065902,
    0.9531996179560649,
    0.958930276981853,
    0.9608404966571156,
    0.9598853868194842,
    0.9656160458452722,
    0.9684813753581661,
    0.9531996179560649
  ]
}