{
  "loss": [
    0.1497394650195377,
    0.10746244316744832,
    0.09426036772975785,
    0.08861223627527198,
    0.08445211412605419,
    0.08147203494642229,
    0.07770568940659435,
    0.08515714657100155,
    0.07628567803878084,
    0.07475184507917261,
    0.07258880979413769,
    0.07230359967286157,
    0.05839616369763156,
    0.06749794824569616,
    0.06286552062563001,
    0.05920659787997407,
    0.061663083601275655,
    0.05612753122831331,
    0.052592288619051984,
    0.057886205967894025,
    0.05002176940102873,
    0.04838228714936096,
    0.053294929906585686,
    0.05182649204273805,
    0.051568337237037354
  ],
  "accuracy": [
    0.8810035842293907,
    0.9178016726403824,
    0.927120669056153,
    0.9328554360812426,
    0.9328554360812426,
    0.9350059737156511,
    0.937873357228196,
    0.9362007168458781,
    0.9388291517323776,
    0.9438470728793309,
    0.9400238948626045,
    0.9412186379928316,
    0.9507765830346475,
    0.9469534050179211,
    0.9502986857825567,
    0.953405017921147,
    0.9507765830346475,
    0.955794504181601,
    0.9565113500597372,
    0.9562724014336917,
    0.9634408602150538,
    0.9624850657108721,
    0.9627240143369176,
    0.9600955794504181,
    0.9584229390681004
  ],
  "val_loss": [
    0.10662922005897607,
    0.08278276444499051,
    0.08031248081023623,
    0.07179815563575187,
    0.06999818189469911,
    0.07546974451627152,
    0.06452041781937068,
    0.061943075585391624,
    0.07601694823149324,
    0.05802336170532898,
    0.0640985159523191,
    0.06438922419932376,
    0.05889503057561762,
    0.060353027881944146,
    0.057504107949031304,
    0.05834214242287301,
    0.05662386250391303,
    0.05657092772767574,
    0.05578812977557943,
    0.046011013182217245,
    0.04504636934768932,
    0.0540516564916951,
    0.04595083264896865,
    0.05411254583558631,
    0.04486468176530014
  ],
  "val_accuracy": [
    0.8901623686723973,
    0.9235912129894938,
    0.9169054441260746,
    0.9302769818529131,
    0.9350525310410697,
    0.9226361031518625,
    0.9436485195797517,
    0.941738299904489,
    0.9207258834765998,
    0.9484240687679083,
    0.936007640878701,
    0.9379178605539638,
    0.9426934097421203,
    0.9407831900668577,
    0.9474689589302769,
    0.944603629417383,
    0.9436485195797517,
    0.9426934097421203,
    0.944603629417383,
    0.956064947468959,
    0.9579751671442216,
    0.944603629417383,
    0.956064947468959,
    0.9465138490926457,
    0.9551098376313276
  ]
}