{
  "loss": [
    0.7934173871468188,
    0.2831162074436139,
    0.09430791381902308,
    0.0657611133804458,
    0.05379703073554284,
    0.10673119883668324,
    0.05245883323323413,
    0.03932799587633768,
    0.03766722129424199,
    0.053592224434249575,
    0.060575699523144726,
    0.028236020039744774,
    0.028222181748158187,
    0.02755260355698263,
    0.027989852834902393
  ],
  "accuracy": [
    0.8444444444444444,
    0.9123058542413381,
    0.9393070489844684,
    0.9514934289127838,
    0.9639187574671446,
    0.9629629629629629,
    0.9610513739545997,
    0.970131421744325,
    0.973715651135006,
    0.974910394265233,
    0.9787335722819593,
    0.9796893667861409,
    0.9792114695340501,
    0.9804062126642772,
    0.974910394265233
  ],
  "val_loss": [
    0.2097673456165886,
    32.104296788701355,
    0.06096388760032604,
    0.07101762017240497,
    0.04913062786322297,
    0.06205128930480626,
    0.06698840352374821,
    1.3240844767830675,
    12.652667741969259,
    0.03458254700019572,
    1.7995817215271284,
    NaN,
    0.400975425875325,
    10.184349494775422,
    0.6037735339559245
  ],
  "val_accuracy": [
    0.9235912129894938,
    0.9025787965616046,
    0.9484240687679083,
    0.9312320916905444,
    0.9608404966571156,
    0.956064947468959,
    0.9321872015281757,
    0.9684813753581661,
    0.9703915950334289,
    0.9751671442215855,
    0.9770773638968482,
    0.9723018147086915,
    0.9713467048710601,
    0.9703915950334289,
    0.9723018147086915
  ]
}