{
  "loss": [
    0.17840193400566723,
    0.1212645785818533,
    0.11035001473401182,
    0.09718394823007401,
    0.09132176672009441,
    0.08406744636372711,
    0.0824186944962438,
    0.08048656418332062,
    0.07563584997733719,
    0.07560906587357732,
    0.07960774776222031,
    0.0631320466993993,
    0.05896587662461126,
    0.055320554229307345,
    0.05833673922249351,
    0.046980893248725536,
    0.04792319429835823,
    0.04147750694246845,
    0.04241290203559356,
    0.03590845510134364,
    0.0406308310469134,
    0.03710379408096078,
    0.037767425492815365,
    0.032984717240114224,
    0.03361436572268588
  ],
  "accuracy": [
    0.821505376344086,
    0.8982078853046594,
    0.9154121863799283,
    0.9237753882915173,
    0.9316606929510155,
    0.9321385902031063,
    0.9395459976105137,
    0.9364396654719236,
    0.9438470728793309,
    0.9428912783751493,
    0.937873357228196,
    0.953405017921147,
    0.954599761051374,
    0.9577060931899641,
    0.9553166069295101,
    0.9655913978494624,
    0.966547192353644,
    0.9694145758661887,
    0.9706093189964158,
    0.9756272401433692,
    0.9722819593787335,
    0.972520908004779,
    0.9718040621266427,
    0.9768219832735962,
    0.9763440860215054
  ],
  "val_loss": [
    0.15551997391718733,
    0.11429569628996972,
    0.09757713817679096,
    0.08873887347998569,
    0.08766550202822844,
    0.0860650242157743,
    0.08371896916553877,
    0.07675003852791294,
    0.07781745989405779,
    0.0765298648942849,
    0.07544677143466393,
    0.06358118242483654,
    0.05709912433220499,
    0.05517160878610133,
    0.06343376861819366,
    0.047093959000413486,
    0.05640802159015918,
    0.046414211872296184,
    0.05757919734534243,
    0.04193486735036146,
    0.04656099408212071,
    0.03699695906795761,
    0.03646307040331485,
    0.03619299375175462,
    0.04089918472504363
  ],
  "val_accuracy": [
    0.8261700095510984,
    0.8767908309455588,
    0.894937917860554,
    0.9216809933142311,
    0.9207258834765998,
    0.9255014326647565,
    0.9255014326647565,
    0.9407831900668577,
    0.936007640878701,
    0.9398280802292264,
    0.9235912129894938,
    0.9407831900668577,
    0.9570200573065902,
    0.9522445081184336,
    0.9369627507163324,
    0.9637058261700095,
    0.9474689589302769,
    0.9627507163323782,
    0.9436485195797517,
    0.9598853868194842,
    0.9541547277936963,
    0.9646609360076409,
    0.9684813753581661,
    0.9694364851957975,
    0.9598853868194842
  ]
}